[
  {
    "kw": ["简介", "简介"],
    "group": "简介",
    "path": "/adherev/introduction"
  },
  {
    "kw": ["更新日志", "更新日志"],
    "group": "更新日志",
    "path": "/adherev/changelog"
  },
  {
    "kw": ["动画的回到顶部", "BackTopAnimation"],
    "group": "组件 - UI",
    "path": "/adherev/component/ui/backtopanimation"
  },
  {
    "kw": ["百度地图", "BMap"],
    "group": "组件 - UI",
    "path": "/adherev/component/ui/bmap"
  },
  {
    "kw": ["级联比较", "CascadeCompared"],
    "group": "组件 - UI",
    "path": "/adherev/component/ui/cascadecompared"
  },
  {
    "kw": ["条件渲染", "ConditionalRender"],
    "group": "组件 - UI",
    "path": "/adherev/component/ui/conditionalrender"
  },
  {
    "kw": ["上下文菜单", "ContextMenu"],
    "group": "组件 - UI",
    "path": "/adherev/component/ui/contextmenu"
  },
  {
    "kw": ["提供很多公共的样式", "CSS"],
    "group": "组件 - UI",
    "path": "/adherev/component/ui/css"
  },
  {
    "kw": ["删除确认提示(使用的是antd的Modal)", "DelConfirm"],
    "group": "组件 - UI",
    "path": "/adherev/component/ui/delconfirm"
  },
  {
    "kw": ["错误的提示(就是为了全局统一)", "ErrorPrompt"],
    "group": "组件 - UI",
    "path": "/adherev/component/ui/errorprompt"
  },
  {
    "kw": ["实现flex布局的组件", "FlexLayout"],
    "group": "组件 - UI",
    "path": "/adherev/component/ui/flexlayout"
  },
  {
    "kw": ["字体设置", "FontSizeSetting"],
    "group": "组件 - UI",
    "path": "/adherev/component/ui/fontsizesetting"
  },
  {
    "kw": ["表单配置", "FormItemCreator"],
    "group": "组件 - UI",
    "path": "/adherev/component/ui/formitemcreator"
  },
  {
    "kw": ["全局无侵入的遮罩", "GlobalIndicator"],
    "group": "组件 - UI",
    "path": "/adherev/component/ui/globalindicator"
  },
  {
    "kw": ["历史记录返回操作", "HistoryBack"],
    "group": "组件 - UI",
    "path": "/adherev/component/ui/historyback"
  },
  {
    "kw": ["Hooks", "Hooks"],
    "group": "组件 - UI",
    "path": "/adherev/component/ui/hooks"
  },
  {
    "kw": ["图片懒加载", "ImageLazy"],
    "group": "组件 - UI",
    "path": "/adherev/component/ui/imagelazy"
  },
  {
    "kw": ["重要操作确认提示(使用的是antd的Modal)", "ImportantConfirm"],
    "group": "组件 - UI",
    "path": "/adherev/component/ui/importantconfirm"
  },
  {
    "kw": ["京东的面板", "JDCategoryTab"],
    "group": "组件 - UI",
    "path": "/adherev/component/ui/jdcategorytab"
  },
  {
    "kw": ["对ant-design的Model进行封装", "MessageDialog"],
    "group": "组件 - UI",
    "path": "/adherev/component/ui/messagedialog"
  },
  {
    "kw": ["通知", "Notification"],
    "group": "组件 - UI",
    "path": "/adherev/component/ui/notification"
  },
  {
    "kw": ["对openlayers的封装", "OLMap"],
    "group": "组件 - UI",
    "path": "/adherev/component/ui/olmap"
  },
  {
    "kw": ["权限的组件", "Permission"],
    "group": "组件 - UI",
    "path": "/adherev/component/ui/permission"
  },
  {
    "kw": ["一个代码展示的组件", "PlayGround"],
    "group": "组件 - UI",
    "path": "/adherev/component/ui/playground"
  },
  {
    "kw": ["多功能选区", "PolygonSelection"],
    "group": "组件 - UI",
    "path": "/adherev/component/ui/polygonselection"
  },
  {
    "kw": ["全局弹出层", "Popup"],
    "group": "组件 - UI",
    "path": "/adherev/component/ui/popup"
  },
  {
    "kw": ["下拉刷新", "PullRefresh"],
    "group": "组件 - UI",
    "path": "/adherev/component/ui/pullrefresh"
  },
  {
    "kw": ["走马灯", "Revolving"],
    "group": "组件 - UI",
    "path": "/adherev/component/ui/revolving"
  },
  {
    "kw": ["滚动加载", "ScrollLoad"],
    "group": "组件 - UI",
    "path": "/adherev/component/ui/scrollload"
  },
  {
    "kw": ["一种查询表格的通用模式", "SearchTable"],
    "group": "组件 - UI",
    "path": "/adherev/component/ui/searchtable"
  },
  {
    "kw": ["抽屉布局", "SlideLayout"],
    "group": "组件 - UI",
    "path": "/adherev/component/ui/slidelayout"
  },
  {
    "kw": ["刻度盘", "SliderScale"],
    "group": "组件 - UI",
    "path": "/adherev/component/ui/sliderscale"
  },
  {
    "kw": ["无侵入性的上下留白和左右留白", "Space"],
    "group": "组件 - UI",
    "path": "/adherev/component/ui/space"
  },
  {
    "kw": ["无侵入的loading", "Spin"],
    "group": "组件 - UI",
    "path": "/adherev/component/ui/spin"
  },
  {
    "kw": ["无侵入性的竖线和横线分割", "Split"],
    "group": "组件 - UI",
    "path": "/adherev/component/ui/split"
  },
  {
    "kw": ["实现分割窗体的布局，可以拉动调整大小", "SplitLayout"],
    "group": "组件 - UI",
    "path": "/adherev/component/ui/splitlayout"
  },
  {
    "kw": ["滚动固定头额布局", "StickupLayout"],
    "group": "组件 - UI",
    "path": "/adherev/component/ui/stickuplayout"
  },
  {
    "kw": ["成功的提示(就是为了全局统一)", "SuccessPrompt"],
    "group": "组件 - UI",
    "path": "/adherev/component/ui/successprompt"
  },
  {
    "kw": ["姓名面板", "Surnames"],
    "group": "组件 - UI",
    "path": "/adherev/component/ui/surnames"
  },
  {
    "kw": ["数据加载单元", "Suspense"],
    "group": "组件 - UI",
    "path": "/adherev/component/ui/suspense"
  },
  {
    "kw": ["滑动操作", "SwipeOut"],
    "group": "组件 - UI",
    "path": "/adherev/component/ui/swipeout"
  },
  {
    "kw": ["基于antd-design的Table的列头筛选", "TableHeadSearch"],
    "group": "组件 - UI",
    "path": "/adherev/component/ui/tableheadsearch"
  },
  {
    "kw": ["表格列表配置", "TableList"],
    "group": "组件 - UI",
    "path": "/adherev/component/ui/tablelist"
  },
  {
    "kw": ["警告的提示(就是为了全局统一)", "WarnPrompt"],
    "group": "组件 - UI",
    "path": "/adherev/component/ui/warnprompt"
  },

  {
    "kw": ["对屏幕的缩放进行适配的操作", "AdapterScreen"],
    "group": "组件 - Util",
    "path": "/adherev/component/util/adapterscreen"
  },
  {
    "kw": ["Ajax", "Ajax"],
    "group": "组件 - Util",
    "path": "/adherev/component/util/ajax"
  },
  {
    "kw": ["浏览器嗅探的库", "Browsersniff"],
    "group": "组件 - Util",
    "path": "/adherev/component/util/browsersniff"
  },
  {
    "kw": ["React错误边界处理，防止白屏操作", "Decorators"],
    "group": "组件 - Util",
    "path": "/adherev/component/util/decorators"
  },
  {
    "kw": ["字典", "Dict"],
    "group": "组件 - Util",
    "path": "/adherev/component/util/dict"
  },
  {
    "kw": ["Domain的浏览器端实现", "Domain"],
    "group": "组件 - Util",
    "path": "/adherev/component/util/domain"
  },
  {
    "kw": ["发布订阅", "Emitter"],
    "group": "组件 - Util",
    "path": "/adherev/component/util/emitter"
  },
  {
    "kw": ["基于react-intl-universal的国际化组件", "Intl"],
    "group": "组件 - Util",
    "path": "/adherev/component/util/intl"
  },
  {
    "kw": ["一个永远都不为空的操作", "NotNull"],
    "group": "组件 - Util",
    "path": "/adherev/component/util/notnull"
  },
  {
    "kw": ["sessionStore和localStore进行的封装", "Preferences"],
    "group": "组件 - Util",
    "path": "/adherev/component/util/preferences"
  },
  {
    "kw": ["扩展React的工具类", "ReactUtil"],
    "group": "组件 - Util",
    "path": "/adherev/component/util/reactutil"
  },
  {
    "kw": ["资源", "Resource"],
    "group": "组件 - Util",
    "path": "/adherev/component/util/resource"
  },
  {
    "kw": ["工具类", "Util"],
    "group": "组件 - Util",
    "path": "/adherev/component/util/util"
  },
  {
    "kw": ["一个验证的库", "Validator"],
    "group": "组件 - Util",
    "path": "/adherev/component/util/validator"
  },
  {
    "kw": ["对值的监控和缓存", "WatchMemoized"],
    "group": "组件 - Util",
    "path": "/adherev/component/util/watchmemoized"
  },

  {
    "kw": ["echarts", "echarts"],
    "group": "Gallery",
    "path": "/adherev/gallery/echarts"
  },
  {
    "kw": ["bmap", "bmap"],
    "group": "Gallery",
    "path": "/adherev/gallery/gis/bmap"
  },
  {
    "kw": ["Windmill", "Windmill"],
    "group": "Gallery",
    "path": "/adherev/gallery/graph"
  }
]
