[
  {
    "cityName": "京津冀地区",
    "city": [
      { "cityCode": "110000", "cityName": "北京市", "lon": "116.417923", "lat": "39.912678" },
      { "cityCode": "120000", "cityName": "天津市", "lon": "117.203085", "lat": "39.132419" },
      { "cityCode": "130100", "cityName": "石家庄市", "lon": "114.514983", "lat": "38.052158" },
      { "cityCode": "130200", "cityName": "唐山市", "lon": "118.188135", "lat": "39.64264" },
      { "cityCode": "130300", "cityName": "秦皇岛市", "lon": "119.598944", "lat": "39.949351" },
      { "cityCode": "130400", "cityName": "邯郸市", "lon": "114.503039", "lat": "36.618707" },
      { "cityCode": "130500", "cityName": "邢台市", "lon": "114.573343", "lat": "37.056992" },
      { "cityCode": "130600", "cityName": "保定市", "lon": "115.495171", "lat": "38.874216" },
      { "cityCode": "131200", "cityName": "张家口市", "lon": "114.896826", "lat": "40.818923" },
      { "cityCode": "130800", "cityName": "承德市", "lon": "117.951843", "lat": "40.984011" },
      { "cityCode": "130900", "cityName": "沧州市", "lon": "116.869667", "lat": "38.317338" },
      { "cityCode": "131000", "cityName": "廊坊市", "lon": "116.717024", "lat": "39.530765" },
      { "cityCode": "131100", "cityName": "衡水市", "lon": "115.678274", "lat": "37.742048" }
    ],
    "cityCode": "100100",
    "lon": "115.713795",
    "lat": "39.249173"
  },
  {
    "cityName": "长三角地区",
    "city": [
      { "cityCode": "310000", "cityName": "上海市", "lon": "121.483724", "lat": "31.235639" },
      { "cityCode": "320100", "cityName": "南京市", "lon": "118.779118", "lat": "32.045554" },
      { "cityCode": "320200", "cityName": "无锡市", "lon": "120.312867", "lat": "31.578493" },
      { "cityCode": "320400", "cityName": "常州市", "lon": "119.958227", "lat": "31.776352" },
      { "cityCode": "320500", "cityName": "苏州市", "lon": "120.630214", "lat": "31.303313" },
      { "cityCode": "320600", "cityName": "南通市", "lon": "120.87533", "lat": "32.020077" },
      { "cityCode": "320900", "cityName": "盐城市", "lon": "120.151501", "lat": "33.382347" },
      { "cityCode": "321000", "cityName": "扬州市", "lon": "119.432948", "lat": "32.397337" },
      { "cityCode": "321100", "cityName": "镇江市", "lon": "119.46475", "lat": "32.208125" },
      { "cityCode": "321200", "cityName": "泰州市", "lon": "119.926445", "lat": "32.488475" },
      { "cityCode": "330100", "cityName": "杭州市", "lon": "120.164828", "lat": "30.290986" },
      { "cityCode": "330200", "cityName": "宁波市", "lon": "121.560352", "lat": "29.872149" },
      { "cityCode": "330400", "cityName": "嘉兴市", "lon": "120.761728", "lat": "30.766269" },
      { "cityCode": "330500", "cityName": "湖州市", "lon": "120.113702", "lat": "30.871429" },
      { "cityCode": "331300", "cityName": "绍兴市", "lon": "120.592616", "lat": "30.00075" },
      { "cityCode": "330700", "cityName": "金华市", "lon": "119.660663", "lat": "29.092827" },
      { "cityCode": "330900", "cityName": "舟山市", "lon": "122.117811", "lat": "30.019473" },
      { "cityCode": "331000", "cityName": "台州市", "lon": "121.439421", "lat": "28.664759" },
      { "cityCode": "340100", "cityName": "合肥市", "lon": "117.295143", "lat": "31.864904" },
      { "cityCode": "340200", "cityName": "芜湖市", "lon": "118.388453", "lat": "31.330113" },
      { "cityCode": "340500", "cityName": "马鞍山市", "lon": "118.519664", "lat": "31.693093" },
      { "cityCode": "340700", "cityName": "铜陵市", "lon": "117.82833", "lat": "30.933825" },
      { "cityCode": "340800", "cityName": "安庆市", "lon": "117.055546", "lat": "30.512209" },
      { "cityCode": "341100", "cityName": "滁州市", "lon": "118.328084", "lat": "32.307977" },
      { "cityCode": "341700", "cityName": "池州市", "lon": "117.501071", "lat": "30.659935" },
      { "cityCode": "341800", "cityName": "宣城市", "lon": "118.769637", "lat": "30.949321" }
    ],
    "cityCode": "100200",
    "lon": "118.428494",
    "lat": "31.370176"
  },
  {
    "cityName": "珠三角地区",
    "city": [
      { "cityCode": "440100", "cityName": "广州市", "lon": "113.292398", "lat": "23.128833" },
      { "cityCode": "440300", "cityName": "深圳市", "lon": "114.097558", "lat": "22.550332" },
      { "cityCode": "440400", "cityName": "珠海市", "lon": "113.565614", "lat": "22.227858" },
      { "cityCode": "440600", "cityName": "佛山市", "lon": "113.134693", "lat": "23.032176" },
      { "cityCode": "440700", "cityName": "江门市", "lon": "113.106989", "lat": "22.593412" },
      { "cityCode": "441200", "cityName": "肇庆市", "lon": "112.484299", "lat": "23.054776" },
      { "cityCode": "441300", "cityName": "惠州市", "lon": "114.424155", "lat": "23.082558" },
      { "cityCode": "441900", "cityName": "东莞市", "lon": "113.75823", "lat": "23.026999" },
      { "cityCode": "442000", "cityName": "中山市", "lon": "113.399032", "lat": "22.522271" }
    ],
    "cityCode": "100300",
    "lon": "113.262805",
    "lat": "23.142514"
  },
  {
    "cityName": "“2+26”城市",
    "city": [
      { "cityCode": "110000", "cityName": "北京市", "lon": "116.417923", "lat": "39.912678" },
      { "cityCode": "120000", "cityName": "天津市", "lon": "117.203085", "lat": "39.132419" },
      { "cityCode": "130100", "cityName": "石家庄市", "lon": "114.514983", "lat": "38.052158" },
      { "cityCode": "130200", "cityName": "唐山市", "lon": "118.188135", "lat": "39.64264" },
      { "cityCode": "130400", "cityName": "邯郸市", "lon": "114.503039", "lat": "36.618707" },
      { "cityCode": "130500", "cityName": "邢台市", "lon": "114.573343", "lat": "37.056992" },
      { "cityCode": "130600", "cityName": "保定市", "lon": "115.495171", "lat": "38.874216" },
      { "cityCode": "130900", "cityName": "沧州市", "lon": "116.869667", "lat": "38.317338" },
      { "cityCode": "131000", "cityName": "廊坊市", "lon": "116.717024", "lat": "39.530765" },
      { "cityCode": "131100", "cityName": "衡水市", "lon": "115.678274", "lat": "37.742048" },
      { "cityCode": "140100", "cityName": "太原市", "lon": "112.561937", "lat": "37.86387" },
      { "cityCode": "140300", "cityName": "阳泉市", "lon": "113.596281", "lat": "37.86739" },
      { "cityCode": "140400", "cityName": "长治市", "lon": "113.126764", "lat": "36.19711" },
      { "cityCode": "140500", "cityName": "晋城市", "lon": "112.863972", "lat": "35.502803" },
      { "cityCode": "370100", "cityName": "济南市", "lon": "117.013153", "lat": "36.682402" },
      { "cityCode": "370300", "cityName": "淄博市", "lon": "118.060175", "lat": "36.821512" },
      { "cityCode": "370800", "cityName": "济宁市", "lon": "116.599134", "lat": "35.420672" },
      { "cityCode": "371400", "cityName": "德州市", "lon": "116.319757", "lat": "37.460694" },
      { "cityCode": "371500", "cityName": "聊城市", "lon": "115.992617", "lat": "36.461749" },
      { "cityCode": "371600", "cityName": "滨州市", "lon": "118.02963", "lat": "37.389977" },
      { "cityCode": "371700", "cityName": "菏泽市", "lon": "115.481779", "lat": "35.252079" },
      { "cityCode": "410100", "cityName": "郑州市", "lon": "113.67801", "lat": "34.762836" },
      { "cityCode": "410200", "cityName": "开封市", "lon": "114.353761", "lat": "34.802489" },
      { "cityCode": "410500", "cityName": "安阳市", "lon": "114.364916", "lat": "36.109909" },
      { "cityCode": "410600", "cityName": "鹤壁市", "lon": "114.307967", "lat": "35.753819" },
      { "cityCode": "410700", "cityName": "新乡市", "lon": "113.818929", "lat": "35.195129" },
      { "cityCode": "410800", "cityName": "焦作市", "lon": "113.251148", "lat": "35.244454" },
      { "cityCode": "410900", "cityName": "濮阳市", "lon": "115.053753", "lat": "35.774216" }
    ],
    "cityCode": "100400",
    "lon": "115.982659",
    "lat": "37.483242"
  },
  {
    "cityName": "冬奥会联防联控区域",
    "city": [
      { "cityCode": "110000", "cityName": "北京市", "lon": "116.417923", "lat": "39.912678" },
      { "cityCode": "120000", "cityName": "天津市", "lon": "117.203085", "lat": "39.132419" },
      { "cityCode": "130100", "cityName": "石家庄市", "lon": "114.514983", "lat": "38.052158" },
      { "cityCode": "130200", "cityName": "唐山市", "lon": "118.188135", "lat": "39.64264" },
      { "cityCode": "130300", "cityName": "秦皇岛市", "lon": "119.598944", "lat": "39.949351" },
      { "cityCode": "130400", "cityName": "邯郸市", "lon": "114.503039", "lat": "36.618707" },
      { "cityCode": "130500", "cityName": "邢台市", "lon": "114.573343", "lat": "37.056992" },
      { "cityCode": "130600", "cityName": "保定市", "lon": "115.495171", "lat": "38.874216" },
      { "cityCode": "131200", "cityName": "张家口市", "lon": "114.896826", "lat": "40.818923" },
      { "cityCode": "130800", "cityName": "承德市", "lon": "117.951843", "lat": "40.984011" },
      { "cityCode": "130900", "cityName": "沧州市", "lon": "116.869667", "lat": "38.317338" },
      { "cityCode": "131000", "cityName": "廊坊市", "lon": "116.717024", "lat": "39.530765" },
      { "cityCode": "131100", "cityName": "衡水市", "lon": "115.678274", "lat": "37.742048" },
      { "cityCode": "140100", "cityName": "太原市", "lon": "112.561937", "lat": "37.86387" },
      { "cityCode": "140200", "cityName": "大同市", "lon": "113.31496", "lat": "40.097745" },
      { "cityCode": "140300", "cityName": "阳泉市", "lon": "113.596281", "lat": "37.86739" },
      { "cityCode": "140400", "cityName": "长治市", "lon": "113.126764", "lat": "36.19711" },
      { "cityCode": "140500", "cityName": "晋城市", "lon": "112.863972", "lat": "35.502803" },
      { "cityCode": "140600", "cityName": "朔州市", "lon": "112.446596", "lat": "39.338752" },
      { "cityCode": "140700", "cityName": "晋中市", "lon": "112.749576", "lat": "37.702843" },
      { "cityCode": "140800", "cityName": "运城市", "lon": "111.016148", "lat": "35.028312" },
      { "cityCode": "140900", "cityName": "忻州市", "lon": "112.746737", "lat": "38.423938" },
      { "cityCode": "141000", "cityName": "临汾市", "lon": "111.530749", "lat": "36.089796" },
      { "cityCode": "141100", "cityName": "吕梁市", "lon": "111.147136", "lat": "37.531309" },
      { "cityCode": "150100", "cityName": "呼和浩特市", "lon": "111.684171", "lat": "40.825444" },
      { "cityCode": "150200", "cityName": "包头市", "lon": "109.852684", "lat": "40.665064" },
      { "cityCode": "150900", "cityName": "乌兰察布市", "lon": "113.128381", "lat": "41.041803" },
      { "cityCode": "210100", "cityName": "沈阳市", "lon": "123.441838", "lat": "41.804945" },
      { "cityCode": "210300", "cityName": "鞍山市", "lon": "123.007503", "lat": "41.118916" },
      { "cityCode": "210700", "cityName": "锦州市", "lon": "121.147981", "lat": "41.126959" },
      { "cityCode": "210800", "cityName": "营口市", "lon": "122.246872", "lat": "40.674817" },
      { "cityCode": "210900", "cityName": "阜新市", "lon": "121.755257", "lat": "42.066483" },
      { "cityCode": "211000", "cityName": "辽阳市", "lon": "123.193919", "lat": "41.277197" },
      { "cityCode": "211100", "cityName": "盘锦市", "lon": "122.081575", "lat": "41.132476" },
      { "cityCode": "211300", "cityName": "朝阳市", "lon": "120.463312", "lat": "41.585172" },
      { "cityCode": "211400", "cityName": "葫芦岛市", "lon": "120.867964", "lat": "40.763171" },
      { "cityCode": "370100", "cityName": "济南市", "lon": "117.013153", "lat": "36.682402" },
      { "cityCode": "370300", "cityName": "淄博市", "lon": "118.060175", "lat": "36.821512" },
      { "cityCode": "370400", "cityName": "枣庄市", "lon": "117.570171", "lat": "34.861333" },
      { "cityCode": "370500", "cityName": "东营市", "lon": "118.519915", "lat": "37.468049" },
      { "cityCode": "370700", "cityName": "潍坊市", "lon": "119.11962", "lat": "36.715484" },
      { "cityCode": "370800", "cityName": "济宁市", "lon": "116.599134", "lat": "35.420672" },
      { "cityCode": "370900", "cityName": "泰安市", "lon": "117.141542", "lat": "36.201442" },
      { "cityCode": "371100", "cityName": "日照市", "lon": "119.473514", "lat": "35.434167" },
      { "cityCode": "371300", "cityName": "临沂市", "lon": "118.338572", "lat": "35.071083" },
      { "cityCode": "371400", "cityName": "德州市", "lon": "116.319757", "lat": "37.460694" },
      { "cityCode": "371500", "cityName": "聊城市", "lon": "115.992617", "lat": "36.461749" },
      { "cityCode": "371600", "cityName": "滨州市", "lon": "118.02963", "lat": "37.389977" },
      { "cityCode": "371700", "cityName": "菏泽市", "lon": "115.481779", "lat": "35.252079" },
      { "cityCode": "410100", "cityName": "郑州市", "lon": "113.67801", "lat": "34.762836" },
      { "cityCode": "410200", "cityName": "开封市", "lon": "114.353761", "lat": "34.802489" },
      { "cityCode": "410300", "cityName": "洛阳市", "lon": "112.447146", "lat": "34.668421" },
      { "cityCode": "410400", "cityName": "平顶山市", "lon": "113.320532", "lat": "33.739732" },
      { "cityCode": "410500", "cityName": "安阳市", "lon": "114.364916", "lat": "36.109909" },
      { "cityCode": "410600", "cityName": "鹤壁市", "lon": "114.307967", "lat": "35.753819" },
      { "cityCode": "410700", "cityName": "新乡市", "lon": "113.818929", "lat": "35.195129" },
      { "cityCode": "410800", "cityName": "焦作市", "lon": "113.251148", "lat": "35.244454" },
      { "cityCode": "410900", "cityName": "濮阳市", "lon": "115.053753", "lat": "35.774216" },
      { "cityCode": "411000", "cityName": "许昌市", "lon": "113.838592", "lat": "34.027166" },
      { "cityCode": "411100", "cityName": "漯河市", "lon": "114.038849", "lat": "33.580346" },
      { "cityCode": "411200", "cityName": "三门峡市", "lon": "111.206634", "lat": "34.782194" },
      { "cityCode": "411300", "cityName": "南阳市", "lon": "112.553146", "lat": "33.003315" },
      { "cityCode": "411400", "cityName": "商丘市", "lon": "115.662461", "lat": "34.441797" },
      { "cityCode": "411500", "cityName": "信阳市", "lon": "114.087442", "lat": "32.127162" },
      { "cityCode": "411600", "cityName": "周口市", "lon": "114.66164", "lat": "33.624383" },
      { "cityCode": "411700", "cityName": "驻马店市", "lon": "114.037109", "lat": "32.984326" },
      { "cityCode": "131300", "cityName": "雄安新区", "lon": "116.037494", "lat": "38.982897" },
      { "cityCode": "130682", "cityName": "定州市", "lon": "115.009727", "lat": "38.528848" },
      { "cityCode": "130181", "cityName": "辛集市", "lon": "115.235903", "lat": "37.955808" },
      { "cityCode": "419001", "cityName": "济源市", "lon": "112.621715", "lat": "35.077017" }
    ],
    "cityCode": "100500",
    "lon": "117.144564",
    "lat": "37.702838"
  },
  {
    "cityName": "汾渭平原",
    "city": [
      { "cityCode": "140100", "cityName": "太原市", "lon": "112.561937", "lat": "37.86387" },
      { "cityCode": "140700", "cityName": "晋中市", "lon": "112.749576", "lat": "37.702843" },
      { "cityCode": "140800", "cityName": "运城市", "lon": "111.016148", "lat": "35.028312" },
      { "cityCode": "141000", "cityName": "临汾市", "lon": "111.530749", "lat": "36.089796" },
      { "cityCode": "141100", "cityName": "吕梁市", "lon": "111.147136", "lat": "37.531309" },
      { "cityCode": "410300", "cityName": "洛阳市", "lon": "112.447146", "lat": "34.668421" },
      { "cityCode": "411200", "cityName": "三门峡市", "lon": "111.206634", "lat": "34.782194" },
      { "cityCode": "610100", "cityName": "西安市", "lon": "108.9591", "lat": "34.267888" },
      { "cityCode": "610200", "cityName": "铜川市", "lon": "108.990916", "lat": "34.921695" },
      { "cityCode": "610300", "cityName": "宝鸡市", "lon": "107.156094", "lat": "34.374317" },
      { "cityCode": "610400", "cityName": "咸阳市", "lon": "108.716204", "lat": "34.338277" },
      { "cityCode": "610500", "cityName": "渭南市", "lon": "109.514645", "lat": "34.503775" }
    ],
    "cityCode": "100600",
    "lon": "110.452097",
    "lat": "35.763145"
  }
]
